<ImportExportXml xmlns:xsi="http://www.w3.org/2001/XMLSchema-instance">
  <Entities></Entities>
  <Roles></Roles>
  <Workflows></Workflows>
  <FieldSecurityProfiles></FieldSecurityProfiles>
  <Templates />
  <EntityMaps />
  <EntityRelationships />
  <OrganizationSettings />
  <optionsets />
  <WebResources>
    <WebResource>
      <WebResourceId>{3e672439-e939-e511-80c2-00155d010e02}</WebResourceId>
      <Name>abr_multiselect.js</Name>
      <DisplayName>AMBEK.NET Multiselect JS</DisplayName>
      <Description>https://github.com/ambek/XRM.Multiselect</Description>
      <WebResourceType>3</WebResourceType>
      <IntroducedVersion>1.0.0.0</IntroducedVersion>
      <IsEnabledForMobileClient>0</IsEnabledForMobileClient>
      <IsCustomizable>1</IsCustomizable>
      <CanBeDeleted>1</CanBeDeleted>
      <IsHidden>0</IsHidden>
      <FileName>/WebResources/abr_multiselectjs3E672439-E939-E511-80C2-00155D010E02</FileName>
    </WebResource>
    <WebResource>
      <WebResourceId>{8b9d99a2-98e6-e411-80ba-00155d025400}</WebResourceId>
      <Name>abr_multiselect.html</Name>
      <DisplayName>AMBEK.NET Multiselect HTML Webresource</DisplayName>
      <Description>https://github.com/ambek/XRM.Multiselect</Description>
      <WebResourceType>1</WebResourceType>
      <IntroducedVersion>1.0</IntroducedVersion>
      <IsEnabledForMobileClient>0</IsEnabledForMobileClient>
      <IsCustomizable>1</IsCustomizable>
      <CanBeDeleted>1</CanBeDeleted>
      <IsHidden>0</IsHidden>
      <FileName>/WebResources/abr_multiselecthtml8B9D99A2-98E6-E411-80BA-00155D025400</FileName>
    </WebResource>
    <WebResource>
      <WebResourceId>{e3074394-9de6-e411-80ba-00155d025400}</WebResourceId>
      <Name>abr_ambeknet.html</Name>
      <DisplayName>AMBEK.NET</DisplayName>
      <Description>https://github.com/ambek/XRM.Multiselect
</Description>
      <WebResourceType>1</WebResourceType>
      <IntroducedVersion>1.0.0.0</IntroducedVersion>
      <IsEnabledForMobileClient>1</IsEnabledForMobileClient>
      <IsCustomizable>1</IsCustomizable>
      <CanBeDeleted>1</CanBeDeleted>
      <IsHidden>0</IsHidden>
      <FileName>/WebResources/abr_ambeknethtmlE3074394-9DE6-E411-80BA-00155D025400</FileName>
    </WebResource>
  </WebResources>
  <Languages>
    <Language>1033</Language>
  </Languages>
</ImportExportXml>